ts_code,trade_time,open,high,low,close,vol,amount
603236.SH,2026-08-13 15:00:00,59.43,59.43,59.43,59.43,84980.0,5050361.0
603236.SH,2026-08-13 14:59:00,59.43,59.43,59.43,59.43,0.0,0.0
603236.SH,2026-08-13 14:58:00,59.43,59.43,59.43,59.43,0.0,0.0
603236.SH,2026-08-13 14:57:00,59.43,59.43,59.43,59.43,119060.0,7075736.0
603236.SH,2026-08-13 14:56:00,59.43,59.43,59.43,59.43,209880.0,12473168.0
603236.SH,2026-08-13 14:55:00,59.43,59.43,59.43,59.43,17280.0,1026951.0
603236.SH,2026-08-13 14:54:00,59.43,59.43,59.43,59.43,34000.0,2020620.0
603236.SH,2026-08-13 14:53:00,59.43,59.43,59.43,59.43,25600.0,1521408.0
603236.SH,2026-08-13 14:52:00,59.43,59.43,59.43,59.43,26560.0,1578460.0
603236.SH,2026-08-13 14:51:00,59.43,59.43,59.43,59.43,34860.0,2071730.0
603236.SH,2026-08-13 14:50:00,59.43,59.43,59.43,59.43,12400.0,736932.0
603236.SH,2026-08-13 14:49:00,59.43,59.43,59.43,59.43,25160.0,1495259.0
603236.SH,2026-08-13 14:48:00,59.43,59.43,59.43,59.43,12160.0,722669.0
603236.SH,2026-08-13 14:47:00,59.43,59.43,59.43,59.43,129940.0,7722334.0
603236.SH,2026-08-13 14:46:00,59.43,59.43,59.43,59.43,42100.0,2502003.0
603236.SH,2026-08-13 14:45:00,59.43,59.43,59.43,59.43,97200.0,5776596.0
603236.SH,2026-08-13 14:44:00,59.43,59.43,59.43,59.43,11080.0,658484.0
603236.SH,2026-08-13 14:43:00,59.43,59.43,59.43,59.43,25420.0,1510711.0
603236.SH,2026-08-13 14:42:00,59.43,59.43,59.43,59.43,13120.0,779722.0
603236.SH,2026-08-13 14:41:00,59.43,59.43,59.43,59.43,10400.0,618072.0
603236.SH,2026-08-13 14:40:00,59.43,59.43,59.43,59.43,12300.0,730989.0
603236.SH,2026-08-13 14:39:00,59.43,59.43,59.43,59.43,16800.0,998424.0
603236.SH,2026-08-13 14:38:00,59.43,59.43,59.43,59.43,53980.0,3208031.0
603236.SH,2026-08-13 14:37:00,59.43,59.43,59.43,59.43,10340.0,614506.0
603236.SH,2026-08-13 14:36:00,59.43,59.43,59.43,59.43,15220.0,904525.0
603236.SH,2026-08-13 14:35:00,59.43,59.43,59.43,59.43,13480.0,801116.0
603236.SH,2026-08-13 14:34:00,59.43,59.43,59.43,59.43,18020.0,1070929.0
603236.SH,2026-08-13 14:33:00,59.43,59.43,59.43,59.43,45080.0,2679104.0
603236.SH,2026-08-13 14:32:00,59.43,59.43,59.43,59.43,34480.0,2049147.0
603236.SH,2026-08-13 14:31:00,59.43,59.43,59.43,59.43,24700.0,1467921.0
603236.SH,2026-08-13 14:30:00,59.43,59.43,59.43,59.43,7040.0,418387.0
603236.SH,2026-08-13 14:29:00,59.43,59.43,59.43,59.43,3400.0,202062.0
603236.SH,2026-08-13 14:28:00,59.43,59.43,59.43,59.43,4380.0,260303.0
603236.SH,2026-08-13 14:27:00,59.43,59.43,59.43,59.43,5740.0,341128.0
603236.SH,2026-08-13 14:26:00,59.43,59.43,59.43,59.43,21740.0,1292009.0
603236.SH,2026-08-13 14:25:00,59.43,59.43,59.43,59.43,4000.0,237720.0
603236.SH,2026-08-13 14:24:00,59.43,59.43,59.43,59.43,19380.0,1151753.0
603236.SH,2026-08-13 14:23:00,59.43,59.43,59.43,59.43,8500.0,505155.0
603236.SH,2026-08-13 14:22:00,59.43,59.43,59.43,59.43,4720.0,280510.0
603236.SH,2026-08-13 14:21:00,59.43,59.43,59.43,59.43,3440.0,204439.0
603236.SH,2026-08-13 14:20:00,59.43,59.43,59.43,59.43,5040.0,299527.0
603236.SH,2026-08-13 14:19:00,59.43,59.43,59.43,59.43,70980.0,4218341.0
603236.SH,2026-08-13 14:18:00,59.43,59.43,59.43,59.43,5540.0,329243.0
603236.SH,2026-08-13 14:17:00,59.43,59.43,59.43,59.43,5400.0,320922.0
603236.SH,2026-08-13 14:16:00,59.43,59.43,59.43,59.43,5500.0,326865.0
603236.SH,2026-08-13 14:15:00,59.43,59.43,59.43,59.43,3960.0,235342.0
603236.SH,2026-08-13 14:14:00,59.43,59.43,59.43,59.43,3720.0,221080.0
603236.SH,2026-08-13 14:13:00,59.43,59.43,59.43,59.43,3600.0,213948.0
603236.SH,2026-08-13 14:12:00,59.43,59.43,59.43,59.43,2900.0,172347.0
603236.SH,2026-08-13 14:11:00,59.43,59.43,59.43,59.43,2760.0,164027.0
603236.SH,2026-08-13 14:10:00,59.43,59.43,59.43,59.43,5000.0,297150.0
603236.SH,2026-08-13 14:09:00,59.43,59.43,59.43,59.43,3300.0,196119.0
603236.SH,2026-08-13 14:08:00,59.43,59.43,59.43,59.43,2600.0,154518.0
603236.SH,2026-08-13 14:07:00,59.43,59.43,59.43,59.43,1380.0,82013.0
603236.SH,2026-08-13 14:06:00,59.43,59.43,59.43,59.43,8300.0,493269.0
603236.SH,2026-08-13 14:05:00,59.43,59.43,59.43,59.43,5760.0,342317.0
603236.SH,2026-08-13 14:04:00,59.43,59.43,59.43,59.43,10808.0,642319.0
603236.SH,2026-08-13 14:03:00,59.43,59.43,59.43,59.43,17900.0,1063797.0
603236.SH,2026-08-13 14:02:00,59.43,59.43,59.43,59.43,4540.0,269813.0
603236.SH,2026-08-13 14:01:00,59.43,59.43,59.43,59.43,2780.0,165215.0
603236.SH,2026-08-13 14:00:00,59.43,59.43,59.43,59.43,2140.0,127180.0
603236.SH,2026-08-13 13:59:00,59.43,59.43,59.43,59.43,2000.0,118860.0
603236.SH,2026-08-13 13:58:00,59.43,59.43,59.43,59.43,900.0,53487.0
603236.SH,2026-08-13 13:57:00,59.43,59.43,59.43,59.43,4500.0,267435.0
603236.SH,2026-08-13 13:56:00,59.43,59.43,59.43,59.43,1820.0,108163.0
603236.SH,2026-08-13 13:55:00,59.43,59.43,59.43,59.43,1500.0,89145.0
603236.SH,2026-08-13 13:54:00,59.43,59.43,59.43,59.43,2500.0,148575.0
603236.SH,2026-08-13 13:53:00,59.43,59.43,59.43,59.43,2080.0,123614.0
603236.SH,2026-08-13 13:52:00,59.43,59.43,59.43,59.43,4000.0,237720.0
603236.SH,2026-08-13 13:51:00,59.43,59.43,59.43,59.43,5280.0,313791.0
603236.SH,2026-08-13 13:50:00,59.43,59.43,59.43,59.43,4840.0,287641.0
603236.SH,2026-08-13 13:49:00,59.43,59.43,59.43,59.43,3140.0,186610.0
603236.SH,2026-08-13 13:48:00,59.43,59.43,59.43,59.43,17540.0,1042402.0
603236.SH,2026-08-13 13:47:00,59.43,59.43,59.43,59.43,5980.0,355392.0
603236.SH,2026-08-13 13:46:00,59.43,59.43,59.43,59.43,2760.0,164026.0
603236.SH,2026-08-13 13:45:00,59.43,59.43,59.43,59.43,8160.0,484949.0
603236.SH,2026-08-13 13:44:00,59.43,59.43,59.43,59.43,4960.0,294773.0
603236.SH,2026-08-13 13:43:00,59.43,59.43,59.43,59.43,3600.0,213948.0
603236.SH,2026-08-13 13:42:00,59.43,59.43,59.43,59.43,1780.0,105785.0
603236.SH,2026-08-13 13:41:00,59.43,59.43,59.43,59.43,2500.0,148575.0
603236.SH,2026-08-13 13:40:00,59.43,59.43,59.43,59.43,1640.0,97466.0
603236.SH,2026-08-13 13:39:00,59.43,59.43,59.43,59.43,4020.0,238908.0
603236.SH,2026-08-13 13:38:00,59.43,59.43,59.43,59.43,7900.0,469497.0
603236.SH,2026-08-13 13:37:00,59.43,59.43,59.43,59.43,1400.0,83202.0
603236.SH,2026-08-13 13:36:00,59.43,59.43,59.43,59.43,2440.0,145009.0
603236.SH,2026-08-13 13:35:00,59.43,59.43,59.43,59.43,2200.0,130746.0
603236.SH,2026-08-13 13:34:00,59.43,59.43,59.43,59.43,1620.0,96277.0
603236.SH,2026-08-13 13:33:00,59.43,59.43,59.43,59.43,1100.0,65373.0
603236.SH,2026-08-13 13:32:00,59.43,59.43,59.43,59.43,4200.0,249606.0
603236.SH,2026-08-13 13:31:00,59.43,59.43,59.43,59.43,4420.0,262681.0
603236.SH,2026-08-13 13:30:00,59.43,59.43,59.43,59.43,4204.0,249843.0
603236.SH,2026-08-13 13:29:00,59.43,59.43,59.43,59.43,1900.0,112917.0
603236.SH,2026-08-13 13:28:00,59.43,59.43,59.43,59.43,3140.0,186611.0
603236.SH,2026-08-13 13:27:00,59.43,59.43,59.43,59.43,3400.0,202062.0
603236.SH,2026-08-13 13:26:00,59.43,59.43,59.43,59.43,9600.0,570528.0
603236.SH,2026-08-13 13:25:00,59.43,59.43,59.43,59.43,15840.0,941371.0
603236.SH,2026-08-13 13:24:00,59.43,59.43,59.43,59.43,8300.0,493269.0
603236.SH,2026-08-13 13:23:00,59.43,59.43,59.43,59.43,3780.0,224645.0
603236.SH,2026-08-13 13:22:00,59.43,59.43,59.43,59.43,3520.0,209194.0
603236.SH,2026-08-13 13:21:00,59.43,59.43,59.43,59.43,12400.0,736932.0
603236.SH,2026-08-13 13:20:00,59.43,59.43,59.43,59.43,9700.0,576471.0
603236.SH,2026-08-13 13:19:00,59.43,59.43,59.43,59.43,4700.0,279321.0
603236.SH,2026-08-13 13:18:00,59.43,59.43,59.43,59.43,3700.0,219891.0
603236.SH,2026-08-13 13:17:00,59.43,59.43,59.43,59.43,3320.0,197307.0
603236.SH,2026-08-13 13:16:00,59.43,59.43,59.43,59.43,6300.0,374409.0
603236.SH,2026-08-13 13:15:00,59.43,59.43,59.43,59.43,6620.0,393427.0
603236.SH,2026-08-13 13:14:00,59.43,59.43,59.43,59.43,3000.0,178290.0
603236.SH,2026-08-13 13:13:00,59.43,59.43,59.43,59.43,9820.0,583603.0
603236.SH,2026-08-13 13:12:00,59.43,59.43,59.43,59.43,3000.0,178290.0
603236.SH,2026-08-13 13:11:00,59.43,59.43,59.43,59.43,3100.0,184233.0
603236.SH,2026-08-13 13:10:00,59.43,59.43,59.43,59.43,10160.0,603808.0
603236.SH,2026-08-13 13:09:00,59.43,59.43,59.43,59.43,3600.0,213948.0
603236.SH,2026-08-13 13:08:00,59.43,59.43,59.43,59.43,3260.0,193742.0
603236.SH,2026-08-13 13:07:00,59.43,59.43,59.43,59.43,5060.0,300716.0
603236.SH,2026-08-13 13:06:00,59.43,59.43,59.43,59.43,2600.0,154518.0
603236.SH,2026-08-13 13:05:00,59.43,59.43,59.43,59.43,7140.0,424330.0
603236.SH,2026-08-13 13:04:00,59.43,59.43,59.43,59.43,11480.0,682257.0
603236.SH,2026-08-13 13:03:00,59.43,59.43,59.43,59.43,4500.0,267435.0
603236.SH,2026-08-13 13:02:00,59.43,59.43,59.43,59.43,66180.0,3933077.0
603236.SH,2026-08-13 13:01:00,59.43,59.43,59.43,59.43,73720.0,4381180.0
603236.SH,2026-08-13 11:30:00,59.43,59.43,59.43,59.43,2900.0,172347.0
603236.SH,2026-08-13 11:29:00,59.43,59.43,59.43,59.43,6300.0,374409.0
603236.SH,2026-08-13 11:28:00,59.43,59.43,59.43,59.43,400.0,23772.0
603236.SH,2026-08-13 11:27:00,59.43,59.43,59.43,59.43,2200.0,130746.0
603236.SH,2026-08-13 11:26:00,59.43,59.43,59.43,59.43,3920.0,232965.0
603236.SH,2026-08-13 11:25:00,59.43,59.43,59.43,59.43,6620.0,393427.0
603236.SH,2026-08-13 11:24:00,59.43,59.43,59.43,59.43,800.0,47544.0
603236.SH,2026-08-13 11:23:00,59.43,59.43,59.43,59.43,3560.0,211571.0
603236.SH,2026-08-13 11:22:00,59.43,59.43,59.43,59.43,55600.0,3304308.0
603236.SH,2026-08-13 11:21:00,59.43,59.43,59.43,59.43,4380.0,260303.0
603236.SH,2026-08-13 11:20:00,59.43,59.43,59.43,59.43,1500.0,89145.0
603236.SH,2026-08-13 11:19:00,59.43,59.43,59.43,59.43,5600.0,332808.0
603236.SH,2026-08-13 11:18:00,59.43,59.43,59.43,59.43,1900.0,112917.0
603236.SH,2026-08-13 11:17:00,59.43,59.43,59.43,59.43,3020.0,179479.0
603236.SH,2026-08-13 11:16:00,59.43,59.43,59.43,59.43,2200.0,130746.0
603236.SH,2026-08-13 11:15:00,59.43,59.43,59.43,59.43,28220.0,1677114.0
603236.SH,2026-08-13 11:14:00,59.43,59.43,59.43,59.43,9000.0,534870.0
603236.SH,2026-08-13 11:13:00,59.43,59.43,59.43,59.43,4200.0,249606.0
603236.SH,2026-08-13 11:12:00,59.43,59.43,59.43,59.43,2960.0,175913.0
603236.SH,2026-08-13 11:11:00,59.43,59.43,59.43,59.43,12840.0,763081.0
603236.SH,2026-08-13 11:10:00,59.43,59.43,59.43,59.43,1600.0,95088.0
603236.SH,2026-08-13 11:09:00,59.43,59.43,59.43,59.43,36600.0,2175138.0
603236.SH,2026-08-13 11:08:00,59.43,59.43,59.43,59.43,7700.0,457611.0
603236.SH,2026-08-13 11:07:00,59.43,59.43,59.43,59.43,62580.0,3719130.0
603236.SH,2026-08-13 11:06:00,59.43,59.43,59.43,59.43,8120.0,482571.0
603236.SH,2026-08-13 11:05:00,59.43,59.43,59.43,59.43,10540.0,626392.0
603236.SH,2026-08-13 11:04:00,59.43,59.43,59.43,59.43,5820.0,345883.0
603236.SH,2026-08-13 11:03:00,59.43,59.43,59.43,59.43,5860.0,348260.0
603236.SH,2026-08-13 11:02:00,59.43,59.43,59.43,59.43,3800.0,225834.0
603236.SH,2026-08-13 11:01:00,59.43,59.43,59.43,59.43,5560.0,330431.0
603236.SH,2026-08-13 11:00:00,59.43,59.43,59.43,59.43,4040.0,240097.0
603236.SH,2026-08-13 10:59:00,59.43,59.43,59.43,59.43,6380.0,379163.0
603236.SH,2026-08-13 10:58:00,59.43,59.43,59.43,59.43,1000.0,59430.0
603236.SH,2026-08-13 10:57:00,59.43,59.43,59.43,59.43,1540.0,91522.0
603236.SH,2026-08-13 10:56:00,59.43,59.43,59.43,59.43,3828.0,227498.0
603236.SH,2026-08-13 10:55:00,59.43,59.43,59.43,59.43,3480.0,206817.0
603236.SH,2026-08-13 10:54:00,59.43,59.43,59.43,59.43,7120.0,423141.0
603236.SH,2026-08-13 10:53:00,59.43,59.43,59.43,59.43,4900.0,291207.0
603236.SH,2026-08-13 10:52:00,59.43,59.43,59.43,59.43,15912.0,945651.0
603236.SH,2026-08-13 10:51:00,59.43,59.43,59.43,59.43,1880.0,111728.0
603236.SH,2026-08-13 10:50:00,59.43,59.43,59.43,59.43,4260.0,253172.0
603236.SH,2026-08-13 10:49:00,59.43,59.43,59.43,59.43,13682.0,813121.0
603236.SH,2026-08-13 10:48:00,59.43,59.43,59.43,59.43,9400.0,558642.0
603236.SH,2026-08-13 10:47:00,59.43,59.43,59.43,59.43,5080.0,301904.0
603236.SH,2026-08-13 10:46:00,59.43,59.43,59.43,59.43,9180.0,545568.0
603236.SH,2026-08-13 10:45:00,59.43,59.43,59.43,59.43,3120.0,185421.0
603236.SH,2026-08-13 10:44:00,59.43,59.43,59.43,59.43,2000.0,118860.0
603236.SH,2026-08-13 10:43:00,59.43,59.43,59.43,59.43,2900.0,172347.0
603236.SH,2026-08-13 10:42:00,59.43,59.43,59.43,59.43,6000.0,356580.0
603236.SH,2026-08-13 10:41:00,59.43,59.43,59.43,59.43,6120.0,363712.0
603236.SH,2026-08-13 10:40:00,59.43,59.43,59.43,59.43,11880.0,706028.0
603236.SH,2026-08-13 10:39:00,59.43,59.43,59.43,59.43,9780.0,581226.0
603236.SH,2026-08-13 10:38:00,59.43,59.43,59.43,59.43,8940.0,531304.0
603236.SH,2026-08-13 10:37:00,59.43,59.43,59.43,59.43,16820.0,999613.0
603236.SH,2026-08-13 10:36:00,59.43,59.43,59.43,59.43,18660.0,1108963.0
603236.SH,2026-08-13 10:35:00,59.43,59.43,59.43,59.43,3420.0,203251.0
603236.SH,2026-08-13 10:34:00,59.43,59.43,59.43,59.43,6400.0,380352.0
603236.SH,2026-08-13 10:33:00,59.43,59.43,59.43,59.43,11576.0,687962.0
603236.SH,2026-08-13 10:32:00,59.43,59.43,59.43,59.43,5540.0,329242.0
603236.SH,2026-08-13 10:31:00,59.43,59.43,59.43,59.43,8660.0,514664.0
603236.SH,2026-08-13 10:30:00,59.43,59.43,59.43,59.43,6040.0,358957.0
603236.SH,2026-08-13 10:29:00,59.43,59.43,59.43,59.43,5320.0,316168.0
603236.SH,2026-08-13 10:28:00,59.43,59.43,59.43,59.43,5940.0,353014.0
603236.SH,2026-08-13 10:27:00,59.43,59.43,59.43,59.43,3460.0,205628.0
603236.SH,2026-08-13 10:26:00,59.43,59.43,59.43,59.43,18300.0,1087569.0
603236.SH,2026-08-13 10:25:00,59.43,59.43,59.43,59.43,10500.0,624015.0
603236.SH,2026-08-13 10:24:00,59.43,59.43,59.43,59.43,9400.0,558642.0
603236.SH,2026-08-13 10:23:00,59.43,59.43,59.43,59.43,3280.0,194930.0
603236.SH,2026-08-13 10:22:00,59.43,59.43,59.43,59.43,16920.0,1005556.0
603236.SH,2026-08-13 10:21:00,59.43,59.43,59.43,59.43,19400.0,1152942.0
603236.SH,2026-08-13 10:20:00,59.43,59.43,59.43,59.43,19080.0,1133924.0
603236.SH,2026-08-13 10:19:00,59.43,59.43,59.43,59.43,2220.0,131935.0
603236.SH,2026-08-13 10:18:00,59.43,59.43,59.43,59.43,23400.0,1390662.0
603236.SH,2026-08-13 10:17:00,59.43,59.43,59.43,59.43,5120.0,304281.0
603236.SH,2026-08-13 10:16:00,59.43,59.43,59.43,59.43,6060.0,360146.0
603236.SH,2026-08-13 10:15:00,59.43,59.43,59.43,59.43,7200.0,427896.0
603236.SH,2026-08-13 10:14:00,59.43,59.43,59.43,59.43,56320.0,3347098.0
603236.SH,2026-08-13 10:13:00,59.43,59.43,59.43,59.43,6980.0,414821.0
603236.SH,2026-08-13 10:12:00,59.43,59.43,59.43,59.43,19300.0,1146999.0
603236.SH,2026-08-13 10:11:00,59.43,59.43,59.43,59.43,11300.0,671559.0
603236.SH,2026-08-13 10:10:00,59.43,59.43,59.43,59.43,8300.0,493269.0
603236.SH,2026-08-13 10:09:00,59.43,59.43,59.43,59.43,13260.0,788042.0
603236.SH,2026-08-13 10:08:00,59.43,59.43,59.43,59.43,6560.0,389861.0
603236.SH,2026-08-13 10:07:00,59.43,59.43,59.43,59.43,21740.0,1292008.0
603236.SH,2026-08-13 10:06:00,59.43,59.43,59.43,59.43,36560.0,2172761.0
603236.SH,2026-08-13 10:05:00,59.43,59.43,59.43,59.43,13440.0,798739.0
603236.SH,2026-08-13 10:04:00,59.43,59.43,59.43,59.43,13280.0,789230.0
603236.SH,2026-08-13 10:03:00,59.43,59.43,59.43,59.43,30400.0,1806672.0
603236.SH,2026-08-13 10:02:00,59.43,59.43,59.43,59.43,8640.0,513475.0
603236.SH,2026-08-13 10:01:00,59.43,59.43,59.43,59.43,10220.0,607375.0
603236.SH,2026-08-13 10:00:00,59.43,59.43,59.43,59.43,14620.0,868867.0
603236.SH,2026-08-13 09:59:00,59.43,59.43,59.43,59.43,17220.0,1023384.0
603236.SH,2026-08-13 09:58:00,59.43,59.43,59.43,59.43,14800.0,879564.0
603236.SH,2026-08-13 09:57:00,59.43,59.43,59.43,59.43,14320.0,851038.0
603236.SH,2026-08-13 09:56:00,59.43,59.43,59.43,59.43,22720.0,1350249.0
603236.SH,2026-08-13 09:55:00,59.43,59.43,59.43,59.43,12960.0,770213.0
603236.SH,2026-08-13 09:54:00,59.43,59.43,59.43,59.43,44140.0,2623240.0
603236.SH,2026-08-13 09:53:00,59.43,59.43,59.43,59.43,15520.0,922354.0
603236.SH,2026-08-13 09:52:00,59.43,59.43,59.43,59.43,30160.0,1792409.0
603236.SH,2026-08-13 09:51:00,59.43,59.43,59.43,59.43,24420.0,1451280.0
603236.SH,2026-08-13 09:50:00,59.43,59.43,59.43,59.43,13720.0,815380.0
603236.SH,2026-08-13 09:49:00,59.43,59.43,59.43,59.43,23641.0,1404985.0
603236.SH,2026-08-13 09:48:00,59.43,59.43,59.43,59.43,41140.0,2444950.0
603236.SH,2026-08-13 09:47:00,59.43,59.43,59.43,59.43,36320.0,2158497.0
603236.SH,2026-08-13 09:46:00,59.43,59.43,59.43,59.43,21780.0,1294386.0
603236.SH,2026-08-13 09:45:00,59.43,59.43,59.43,59.43,21429.0,1273525.0
603236.SH,2026-08-13 09:44:00,59.43,59.43,59.43,59.43,44540.0,2647012.0
603236.SH,2026-08-13 09:43:00,59.43,59.43,59.43,59.43,550660.0,32725724.0
603236.SH,2026-08-13 09:42:00,59.43,59.43,59.43,59.43,27880.0,1656909.0
603236.SH,2026-08-13 09:41:00,59.43,59.43,59.43,59.43,87160.0,5179918.0
603236.SH,2026-08-13 09:40:00,59.43,59.43,59.43,59.43,52420.0,3115321.0
603236.SH,2026-08-13 09:39:00,59.43,59.43,59.43,59.43,176724.0,10502707.0
603236.SH,2026-08-13 09:38:00,59.43,59.43,59.43,59.43,34320.0,2039638.0
603236.SH,2026-08-13 09:37:00,59.43,59.43,59.43,59.43,32040.0,1904137.0
603236.SH,2026-08-13 09:36:00,59.43,59.43,59.43,59.43,81000.0,4813830.0
603236.SH,2026-08-13 09:35:00,59.43,59.43,59.43,59.43,104952.0,6237297.0
603236.SH,2026-08-13 09:34:00,59.43,59.43,59.43,59.43,231780.0,13774686.0
603236.SH,2026-08-13 09:33:00,59.43,59.43,59.43,59.43,243860.0,14492600.0
603236.SH,2026-08-13 09:32:00,59.43,59.43,59.43,59.43,350871.0,20852264.0
603236.SH,2026-08-13 09:31:00,59.43,59.43,59.43,59.43,2064457.0,122690680.0
603236.SH,2026-08-13 09:30:00,59.43,59.43,59.43,59.43,1656182.0,98426900.0
